[
    {
        "stepId": "STEP1",
        "stepName": "Url: Webtours",
        "infFile": "t2.inf",
        "time": 1576232072054
    },
    {
        "stepId": "STEP2",
        "stepName": "Submit Data: login.pl",
        "infFile": "t3.inf",
        "time": 1576232077338
    },
    {
        "stepId": "STEP3",
        "stepName": "Url: Itinerary Button",
        "infFile": "t4.inf",
        "time": 1576232082730
    },
    {
        "stepId": "STEP4",
        "stepName": "Url: Search Flights Button",
        "infFile": "t5.inf",
        "time": 1576232088144
    },
    {
        "stepId": "STEP5",
        "stepName": "Submit Data: reservations.pl",
        "infFile": "t6.inf",
        "time": 1576232088348
    },
    {
        "stepId": "STEP6",
        "stepName": "Submit Data: reservations.pl_2",
        "infFile": "t7.inf",
        "time": 1576232088531
    },
    {
        "stepId": "STEP7",
        "stepName": "Submit Data: reservations.pl_3",
        "infFile": "t8.inf",
        "time": 1576232093835
    },
    {
        "stepId": "STEP8",
        "stepName": "Url: Itinerary Button_2",
        "infFile": "t9.inf",
        "time": 1576232099232
    },
    {
        "stepId": "STEP9",
        "stepName": "Url: SignOff Button",
        "infFile": "t10.inf",
        "time": 1576232104554
    }
]