[
    {
        "stepId": "STEP1",
        "stepName": "Url: Webtours",
        "infFile": "t2.inf",
        "time": 1576232628147
    },
    {
        "stepId": "STEP2",
        "stepName": "Submit Data: login.pl",
        "infFile": "t3.inf",
        "time": 1576232633580
    },
    {
        "stepId": "STEP3",
        "stepName": "Url: Search Flights Button",
        "infFile": "t4.inf",
        "time": 1576232639011
    },
    {
        "stepId": "STEP4",
        "stepName": "Submit Data: reservations.pl",
        "infFile": "t5.inf",
        "time": 1576232644221
    },
    {
        "stepId": "STEP5",
        "stepName": "Submit Data: reservations.pl_2",
        "infFile": "t6.inf",
        "time": 1576232644462
    },
    {
        "stepId": "STEP6",
        "stepName": "Url: Search Flights Button_2",
        "infFile": "t7.inf",
        "time": 1576232649873
    },
    {
        "stepId": "STEP7",
        "stepName": "Submit Data: reservations.pl_3",
        "infFile": "t8.inf",
        "time": 1576232655100
    },
    {
        "stepId": "STEP8",
        "stepName": "Submit Data: reservations.pl_4",
        "infFile": "t9.inf",
        "time": 1576232660296
    },
    {
        "stepId": "STEP9",
        "stepName": "Submit Data: reservations.pl_5",
        "infFile": "t10.inf",
        "time": 1576232665604
    },
    {
        "stepId": "STEP10",
        "stepName": "Url: Itinerary Button",
        "infFile": "t11.inf",
        "time": 1576232671024
    },
    {
        "stepId": "STEP11",
        "stepName": "Url: SignOff Button",
        "infFile": "t12.inf",
        "time": 1576232676405
    }
]