[
    {
        "transactionName": "Login",
        "rawStartTime": 1576232633174,
        "rawEndTime": 1576232633595
    },
    {
        "transactionName": "S5_Flights",
        "rawStartTime": 1576232638627,
        "rawEndTime": 1576232644478
    },
    {
        "transactionName": "S5_Flights",
        "rawStartTime": 1576232649522,
        "rawEndTime": 1576232660310
    },
    {
        "transactionName": "S5_Sold",
        "rawStartTime": 1576232665350,
        "rawEndTime": 1576232670635
    },
    {
        "transactionName": "S5_itinerary",
        "rawStartTime": 1576232670652,
        "rawEndTime": 1576232671026
    },
    {
        "transactionName": "Logout",
        "rawStartTime": 1576232676069,
        "rawEndTime": 1576232676409
    },
    {
        "transactionName": "S5_errbuy_buy_ticket_view",
        "rawStartTime": 1576232627674,
        "rawEndTime": 1576232676425
    }
]