<?xml version="1.0" encoding="utf-8"?>
<VugenScriptMetadata>
  <ScriptName>S1_buy_ticket</ScriptName>
  <Protocol>Web - HTTP/HTML</Protocol>
  <ActionFiles>
    <FileEntry Name="vuser_init.c" Filter="2" />
    <FileEntry Name="Action.c" Filter="2" />
    <FileEntry Name="vuser_end.c" Filter="2" />
  </ActionFiles>
  <GeneralFiles>
    <FileEntry Name="S1_buy_ticket.usr" Filter="4" />
    <FileEntry Name="default.cfg" Filter="4" />
    <FileEntry Name="default.usp" Filter="4" />
    <FileEntry Name="S1_buy_ticket.prm" Filter="2" />
    <FileEntry Name="globals.h" Filter="2" />
    <FileEntry Name="SeatPref.dat" Filter="2" />
    <FileEntry Name="password.dat" Filter="2" />
    <FileEntry Name="thinktime.dat" Filter="2" />
    <FileEntry Name="city.dat" Filter="2" />
    <FileEntry Name="URL.dat" Filter="2" />
    <FileEntry Name="seatType.dat" Filter="2" />
    <FileEntry Name="username.dat" Filter="2" />
    <FileEntry Name="Bookmarks.xml" Filter="1" />
    <FileEntry Name="Breakpoints.xml" Filter="1" />
    <FileEntry Name="CompilerLogMetadata.xml" Filter="1" />
    <FileEntry Name="CreditCard.dat" Filter="1" />
    <FileEntry Name="custom_body_variables.txt" Filter="1" />
    <FileEntry Name="logfile.log" Filter="1" />
    <FileEntry Name="lrw_custom_body.h" Filter="1" />
    <FileEntry Name="mdrv.log" Filter="1" />
    <FileEntry Name="mdrv5cV.181.log" Filter="1" />
    <FileEntry Name="mdrv5Dz.893.log" Filter="1" />
    <FileEntry Name="mdrv9ey.423.log" Filter="1" />
    <FileEntry Name="mdrvb7C.461.log" Filter="1" />
    <FileEntry Name="mdrvEiZ.835.log" Filter="1" />
    <FileEntry Name="mdrvFio.727.log" Filter="1" />
    <FileEntry Name="mdrvg4C.261.log" Filter="1" />
    <FileEntry Name="mdrviHY.861.log" Filter="1" />
    <FileEntry Name="mdrvTan.537.log" Filter="1" />
    <FileEntry Name="mdrvutn.783.log" Filter="1" />
    <FileEntry Name="mdrvvtY.325.log" Filter="1" />
    <FileEntry Name="mdrvygv.181.log" Filter="1" />
    <FileEntry Name="mdrv_cmd.txt" Filter="1" />
    <FileEntry Name="NewParam.dat" Filter="1" />
    <FileEntry Name="numPassenger.dat" Filter="1" />
    <FileEntry Name="options.txt" Filter="1" />
    <FileEntry Name="output.bak" Filter="1" />
    <FileEntry Name="output.txt" Filter="1" />
    <FileEntry Name="ReplaySummaryReport.xml" Filter="1" />
    <FileEntry Name="S1_buy_ticket.prm.bak" Filter="1" />
    <FileEntry Name="S1_buy_ticket.sdf" Filter="1" />
    <FileEntry Name="ScriptUploadMetadata.xml" Filter="1" />
    <FileEntry Name="thinktime(1).dat" Filter="1" />
    <FileEntry Name="ThumbnailsCache.tmp" Filter="1" />
    <FileEntry Name="UserTasks.xml" Filter="1" />
    <FileEntry Name="WebTours_script1.prm.bak" Filter="1" />
    <FileEntry Name="data\" Filter="1" />
    <FileEntry Name="result1\" Filter="1" />
  </GeneralFiles>
</VugenScriptMetadata>