[
    {
        "stepId": "STEP1",
        "stepName": "Url: Webtours",
        "infFile": "t2.inf",
        "time": 1577381650788
    },
    {
        "stepId": "STEP2",
        "stepName": "Submit Data: login.pl",
        "infFile": "t3.inf",
        "time": 1577381651232
    },
    {
        "stepId": "STEP3",
        "stepName": "Url: Itinerary Button",
        "infFile": "t4.inf",
        "time": 1577381656132
    },
    {
        "stepId": "STEP4",
        "stepName": "Url: Search Flights Button",
        "infFile": "t5.inf",
        "time": 1577381656983
    },
    {
        "stepId": "STEP5",
        "stepName": "Submit Data: reservations.pl",
        "infFile": "t6.inf",
        "time": 1577381657239
    },
    {
        "stepId": "STEP6",
        "stepName": "Submit Data: reservations.pl_2",
        "infFile": "t7.inf",
        "time": 1577381657439
    },
    {
        "stepId": "STEP7",
        "stepName": "Url: Itinerary Button_2",
        "infFile": "t8.inf",
        "time": 1577381661940
    },
    {
        "stepId": "STEP8",
        "stepName": "Url: SignOff Button",
        "infFile": "t9.inf",
        "time": 1577381662298
    }
]