[
    {
        "transactionName": "Login",
        "rawStartTime": 1576231435185,
        "rawEndTime": 1576231435385
    },
    {
        "transactionName": "S3_itinerary",
        "rawStartTime": 1576231440423,
        "rawEndTime": 1576231440782
    },
    {
        "transactionName": "S3_Flights",
        "rawStartTime": 1576231445814,
        "rawEndTime": 1576231456622
    },
    {
        "transactionName": "S3_Itinerary",
        "rawStartTime": 1576231461667,
        "rawEndTime": 1576231462072
    },
    {
        "transactionName": "Logout",
        "rawStartTime": 1576231467105,
        "rawEndTime": 1576231467376
    },
    {
        "transactionName": "S3_view_tickets",
        "rawStartTime": 1576231429742,
        "rawEndTime": 1576231467378
    }
]