[
    {
        "stepId": "STEP1",
        "stepName": "Url: Webtours",
        "infFile": "t2.inf",
        "time": 1576416299342
    },
    {
        "stepId": "STEP2",
        "stepName": "Submit Data: login.pl",
        "infFile": "t3.inf",
        "time": 1576416304768
    },
    {
        "stepId": "STEP3",
        "stepName": "Url: Itinerary Button",
        "infFile": "t4.inf",
        "time": 1576416311290
    },
    {
        "stepId": "STEP4",
        "stepName": "Url: Search Flights Button",
        "infFile": "t5.inf",
        "time": 1576416316708
    },
    {
        "stepId": "STEP5",
        "stepName": "Submit Data: reservations.pl",
        "infFile": "t6.inf",
        "time": 1576416316968
    },
    {
        "stepId": "STEP6",
        "stepName": "Submit Data: reservations.pl_2",
        "infFile": "t7.inf",
        "time": 1576416317188
    },
    {
        "stepId": "STEP7",
        "stepName": "Submit Data: reservations.pl_3",
        "infFile": "t8.inf",
        "time": 1576416322470
    },
    {
        "stepId": "STEP8",
        "stepName": "Url: Itinerary Button_2",
        "infFile": "t9.inf",
        "time": 1576416328966
    },
    {
        "stepId": "STEP9",
        "stepName": "Url: SignOff Button",
        "infFile": "t10.inf",
        "time": 1576416334333
    }
]