[
    {
        "stepId": "STEP1",
        "stepName": "Url: Webtours",
        "infFile": "t2.inf",
        "time": 1577382191854
    },
    {
        "stepId": "STEP2",
        "stepName": "Submit Data: login.pl",
        "infFile": "t3.inf",
        "time": 1577382192385
    },
    {
        "stepId": "STEP3",
        "stepName": "Url: Itinerary Button",
        "infFile": "t4.inf",
        "time": 1577382196786
    },
    {
        "stepId": "STEP4",
        "stepName": "Url: Search Flights Button",
        "infFile": "t5.inf",
        "time": 1577382197153
    },
    {
        "stepId": "STEP5",
        "stepName": "Submit Data: reservations.pl",
        "infFile": "t6.inf",
        "time": 1577382197409
    },
    {
        "stepId": "STEP6",
        "stepName": "Submit Data: reservations.pl_2",
        "infFile": "t7.inf",
        "time": 1577382197773
    },
    {
        "stepId": "STEP7",
        "stepName": "Submit Data: reservations.pl_3",
        "infFile": "t8.inf",
        "time": 1577382198078
    },
    {
        "stepId": "STEP8",
        "stepName": "Url: Itinerary Button_2",
        "infFile": "t9.inf",
        "time": 1577382202493
    },
    {
        "stepId": "STEP9",
        "stepName": "Url: SignOff Button",
        "infFile": "t10.inf",
        "time": 1577382202902
    }
]