[
    {
        "transactionName": "Login",
        "rawStartTime": 1576232077088,
        "rawEndTime": 1576232077346
    },
    {
        "transactionName": "S4_Itinerary",
        "rawStartTime": 1576232082384,
        "rawEndTime": 1576232082735
    },
    {
        "transactionName": "S4_Flights",
        "rawStartTime": 1576232087782,
        "rawEndTime": 1576232088541
    },
    {
        "transactionName": "S4_Payment",
        "rawStartTime": 1576232093576,
        "rawEndTime": 1576232093841
    },
    {
        "transactionName": "S4_itinerary",
        "rawStartTime": 1576232098874,
        "rawEndTime": 1576232099236
    },
    {
        "transactionName": "Logout",
        "rawStartTime": 1576232104255,
        "rawEndTime": 1576232104563
    },
    {
        "transactionName": "S4_view_buy_ticket",
        "rawStartTime": 1576232071193,
        "rawEndTime": 1576232104579
    }
]