[
    {
        "transactionName": "Login",
        "rawStartTime": 1576416304356,
        "rawEndTime": 1576416304769
    },
    {
        "transactionName": "S4_Itinerary",
        "rawStartTime": 1576416309774,
        "rawEndTime": 1576416311292
    },
    {
        "transactionName": "S4_Flights",
        "rawStartTime": 1576416316296,
        "rawEndTime": 1576416317189
    },
    {
        "transactionName": "S4_Payment",
        "rawStartTime": 1576416322194,
        "rawEndTime": 1576416322472
    },
    {
        "transactionName": "S4_itinerary",
        "rawStartTime": 1576416327478,
        "rawEndTime": 1576416328968
    },
    {
        "transactionName": "Logout",
        "rawStartTime": 1576416333973,
        "rawEndTime": 1576416334335
    },
    {
        "transactionName": "S4_view_buy_ticket",
        "rawStartTime": 1576416298853,
        "rawEndTime": 1576416334337
    }
]