[
    {
        "stepId": "STEP1",
        "stepName": "Url: Webtours",
        "infFile": "t2.inf",
        "time": 1577380930889
    },
    {
        "stepId": "STEP2",
        "stepName": "Submit Data: login.pl",
        "infFile": "t3.inf",
        "time": 1577380931295
    },
    {
        "stepId": "STEP3",
        "stepName": "Url: Search Flights Button",
        "infFile": "t4.inf",
        "time": 1577380932126
    },
    {
        "stepId": "STEP4",
        "stepName": "Submit Data: reservations.pl",
        "infFile": "t5.inf",
        "time": 1577380932372
    },
    {
        "stepId": "STEP5",
        "stepName": "Submit Data: reservations.pl_2",
        "infFile": "t6.inf",
        "time": 1577380932618
    },
    {
        "stepId": "STEP6",
        "stepName": "Submit Data: reservations.pl_3",
        "infFile": "t7.inf",
        "time": 1577380932973
    },
    {
        "stepId": "STEP7",
        "stepName": "Url: SignOff Button",
        "infFile": "t8.inf",
        "time": 1577380933739
    }
]