<?xml version="1.0" encoding="utf-8"?>
<VugenScriptMetadata>
  <ScriptName>S3_view_tickets</ScriptName>
  <Protocol>Web - HTTP/HTML</Protocol>
  <ActionFiles>
    <FileEntry Name="vuser_init.c" Filter="2" />
    <FileEntry Name="Action.c" Filter="2" />
    <FileEntry Name="vuser_end.c" Filter="2" />
  </ActionFiles>
  <GeneralFiles>
    <FileEntry Name="S3_view_tickets.usr" Filter="4" />
    <FileEntry Name="default.cfg" Filter="4" />
    <FileEntry Name="default.usp" Filter="4" />
    <FileEntry Name="S3_view_tickets.prm" Filter="2" />
    <FileEntry Name="globals.h" Filter="2" />
    <FileEntry Name="SeatPref.dat" Filter="2" />
    <FileEntry Name="numPassenger.dat" Filter="2" />
    <FileEntry Name="thinktime.dat" Filter="2" />
    <FileEntry Name="city.dat" Filter="2" />
    <FileEntry Name="URL.dat" Filter="2" />
    <FileEntry Name="seatType.dat" Filter="2" />
    <FileEntry Name="password.dat" Filter="2" />
    <FileEntry Name="username.dat" Filter="2" />
    <FileEntry Name="arrive.dat" Filter="1" />
    <FileEntry Name="Bookmarks.xml" Filter="1" />
    <FileEntry Name="Breakpoints.xml" Filter="1" />
    <FileEntry Name="CompilerLogMetadata.xml" Filter="1" />
    <FileEntry Name="custom_body_variables.txt" Filter="1" />
    <FileEntry Name="data.zip" Filter="1" />
    <FileEntry Name="logfile.log" Filter="1" />
    <FileEntry Name="lrw_custom_body.h" Filter="1" />
    <FileEntry Name="mdrv.log" Filter="1" />
    <FileEntry Name="mdrv5at.423.log" Filter="1" />
    <FileEntry Name="mdrvb9i.299.log" Filter="1" />
    <FileEntry Name="mdrvC3q.843.log" Filter="1" />
    <FileEntry Name="mdrvcgD.193.log" Filter="1" />
    <FileEntry Name="mdrvdjT.759.log" Filter="1" />
    <FileEntry Name="mdrveKr.87.log" Filter="1" />
    <FileEntry Name="mdrvfwL.885.log" Filter="1" />
    <FileEntry Name="mdrvGNU.577.log" Filter="1" />
    <FileEntry Name="mdrviBI.251.log" Filter="1" />
    <FileEntry Name="mdrvK4R.699.log" Filter="1" />
    <FileEntry Name="mdrvkiX.473.log" Filter="1" />
    <FileEntry Name="mdrvnz4.687.log" Filter="1" />
    <FileEntry Name="mdrvoKn.669.log" Filter="1" />
    <FileEntry Name="mdrvPwG.325.log" Filter="1" />
    <FileEntry Name="mdrvqyS.429.log" Filter="1" />
    <FileEntry Name="mdrvrdO.753.log" Filter="1" />
    <FileEntry Name="mdrv_cmd.txt" Filter="1" />
    <FileEntry Name="NewParam(1).dat" Filter="1" />
    <FileEntry Name="NewParam(2).dat" Filter="1" />
    <FileEntry Name="NewParam.dat" Filter="1" />
    <FileEntry Name="options.txt" Filter="1" />
    <FileEntry Name="output.bak" Filter="1" />
    <FileEntry Name="output.txt" Filter="1" />
    <FileEntry Name="ReplaySummaryReport.xml" Filter="1" />
    <FileEntry Name="S3_view_tickets.prm.bak" Filter="1" />
    <FileEntry Name="S3_view_tickets.sdf" Filter="1" />
    <FileEntry Name="ScriptUploadMetadata.xml" Filter="1" />
    <FileEntry Name="ThumbnailsCache.tmp" Filter="1" />
    <FileEntry Name="UserTasks.xml" Filter="1" />
    <FileEntry Name="WebTours_script3.prm.bak" Filter="1" />
    <FileEntry Name="data\" Filter="1" />
    <FileEntry Name="result1\" Filter="1" />
  </GeneralFiles>
</VugenScriptMetadata>