[
    {
        "stepId": "STEP1",
        "stepName": "Url: Webtours",
        "infFile": "t2.inf",
        "time": 1577381301704
    },
    {
        "stepId": "STEP2",
        "stepName": "Submit Data: login.pl",
        "infFile": "t3.inf",
        "time": 1577381302159
    },
    {
        "stepId": "STEP3",
        "stepName": "Url: Search Flights Button",
        "infFile": "t4.inf",
        "time": 1577381302510
    },
    {
        "stepId": "STEP4",
        "stepName": "Submit Data: reservations.pl",
        "infFile": "t5.inf",
        "time": 1577381302761
    },
    {
        "stepId": "STEP5",
        "stepName": "Submit Data: reservations.pl_2",
        "infFile": "t6.inf",
        "time": 1577381302995
    },
    {
        "stepId": "STEP6",
        "stepName": "Submit Data: reservations.pl_3",
        "infFile": "t7.inf",
        "time": 1577381303347
    },
    {
        "stepId": "STEP7",
        "stepName": "Submit Data: reservations.pl_4",
        "infFile": "t8.inf",
        "time": 1577381303663
    },
    {
        "stepId": "STEP8",
        "stepName": "Submit Data: reservations.pl_5",
        "infFile": "t9.inf",
        "time": 1577381303938
    },
    {
        "stepId": "STEP9",
        "stepName": "Submit Data: reservations.pl_6",
        "infFile": "t10.inf",
        "time": 1577381304169
    },
    {
        "stepId": "STEP10",
        "stepName": "Submit Data: reservations.pl_7",
        "infFile": "t11.inf",
        "time": 1577381304452
    },
    {
        "stepId": "STEP11",
        "stepName": "Url: SignOff Button",
        "infFile": "t12.inf",
        "time": 1577381304825
    }
]