[
    {
        "stepId": "STEP1",
        "stepName": "Url: Webtours",
        "infFile": "t2.inf",
        "time": 1576230416649
    },
    {
        "stepId": "STEP2",
        "stepName": "Submit Data: login.pl",
        "infFile": "t3.inf",
        "time": 1576230422081
    },
    {
        "stepId": "STEP3",
        "stepName": "Url: Search Flights Button",
        "infFile": "t4.inf",
        "time": 1576230427487
    },
    {
        "stepId": "STEP4",
        "stepName": "Submit Data: reservations.pl",
        "infFile": "t5.inf",
        "time": 1576230432748
    },
    {
        "stepId": "STEP5",
        "stepName": "Submit Data: reservations.pl_2",
        "infFile": "t6.inf",
        "time": 1576230437982
    },
    {
        "stepId": "STEP6",
        "stepName": "Submit Data: reservations.pl_3",
        "infFile": "t7.inf",
        "time": 1576230443246
    },
    {
        "stepId": "STEP7",
        "stepName": "Submit Data: reservations.pl_4",
        "infFile": "t8.inf",
        "time": 1576230448483
    },
    {
        "stepId": "STEP8",
        "stepName": "Submit Data: reservations.pl_5",
        "infFile": "t9.inf",
        "time": 1576230453747
    },
    {
        "stepId": "STEP9",
        "stepName": "Submit Data: reservations.pl_6",
        "infFile": "t10.inf",
        "time": 1576230453929
    },
    {
        "stepId": "STEP10",
        "stepName": "Submit Data: reservations.pl_7",
        "infFile": "t11.inf",
        "time": 1576230459233
    },
    {
        "stepId": "STEP11",
        "stepName": "Url: Itinerary Button",
        "infFile": "t12.inf",
        "time": 1576230464724
    },
    {
        "stepId": "STEP12",
        "stepName": "Url: SignOff Button",
        "infFile": "t13.inf",
        "time": 1576230470119
    }
]