[
    {
        "stepId": "STEP1",
        "stepName": "Url: Webtours",
        "infFile": "t2.inf",
        "time": 1576231430176
    },
    {
        "stepId": "STEP2",
        "stepName": "Submit Data: login.pl",
        "infFile": "t3.inf",
        "time": 1576231435371
    },
    {
        "stepId": "STEP3",
        "stepName": "Url: Itinerary Button",
        "infFile": "t4.inf",
        "time": 1576231440773
    },
    {
        "stepId": "STEP4",
        "stepName": "Url: Search Flights Button",
        "infFile": "t5.inf",
        "time": 1576231446167
    },
    {
        "stepId": "STEP5",
        "stepName": "Submit Data: reservations.pl",
        "infFile": "t6.inf",
        "time": 1576231451356
    },
    {
        "stepId": "STEP6",
        "stepName": "Submit Data: reservations.pl_2",
        "infFile": "t7.inf",
        "time": 1576231456607
    },
    {
        "stepId": "STEP7",
        "stepName": "Url: Itinerary Button_2",
        "infFile": "t8.inf",
        "time": 1576231462057
    },
    {
        "stepId": "STEP8",
        "stepName": "Url: SignOff Button",
        "infFile": "t9.inf",
        "time": 1576231467374
    }
]