[
    {
        "stepId": "STEP1",
        "stepName": "Url: Webtours",
        "infFile": "t2.inf",
        "time": 1577382467338
    },
    {
        "stepId": "STEP2",
        "stepName": "Submit Data: login.pl",
        "infFile": "t3.inf",
        "time": 1577382467737
    },
    {
        "stepId": "STEP3",
        "stepName": "Url: Search Flights Button",
        "infFile": "t4.inf",
        "time": 1577382468222
    },
    {
        "stepId": "STEP4",
        "stepName": "Submit Data: reservations.pl",
        "infFile": "t5.inf",
        "time": 1577382468449
    },
    {
        "stepId": "STEP5",
        "stepName": "Submit Data: reservations.pl_2",
        "infFile": "t6.inf",
        "time": 1577382468676
    },
    {
        "stepId": "STEP6",
        "stepName": "Url: Search Flights Button_2",
        "infFile": "t7.inf",
        "time": 1577382469103
    },
    {
        "stepId": "STEP7",
        "stepName": "Submit Data: reservations.pl_3",
        "infFile": "t8.inf",
        "time": 1577382469318
    },
    {
        "stepId": "STEP8",
        "stepName": "Submit Data: reservations.pl_4",
        "infFile": "t9.inf",
        "time": 1577382469632
    },
    {
        "stepId": "STEP9",
        "stepName": "Submit Data: reservations.pl_5",
        "infFile": "t10.inf",
        "time": 1577382469941
    },
    {
        "stepId": "STEP10",
        "stepName": "Url: Itinerary Button",
        "infFile": "t11.inf",
        "time": 1577382475033
    },
    {
        "stepId": "STEP11",
        "stepName": "Url: SignOff Button",
        "infFile": "t12.inf",
        "time": 1577382475455
    }
]