[
    {
        "transactionName": "Login",
        "rawStartTime": 1576415407503,
        "rawEndTime": 1576415407940
    },
    {
        "transactionName": "S5_Flights",
        "rawStartTime": 1576415412987,
        "rawEndTime": 1576415418893
    },
    {
        "transactionName": "S5_Flights",
        "rawStartTime": 1576415423924,
        "rawEndTime": 1576415434845
    },
    {
        "transactionName": "S5_Sold",
        "rawStartTime": 1576415439893,
        "rawEndTime": 1576415445236
    },
    {
        "transactionName": "S5_itinerary",
        "rawStartTime": 1576415445253,
        "rawEndTime": 1576415446735
    },
    {
        "transactionName": "Logout",
        "rawStartTime": 1576415451783,
        "rawEndTime": 1576415452157
    },
    {
        "transactionName": "S5_errbuy_buy_ticket_view",
        "rawStartTime": 1576415401720,
        "rawEndTime": 1576415452173
    }
]